{"\u5b89\u9633": [114.39950042177432, 36.10594098401491], "\u5b89\u5e86": [117.06360390491879, 30.53095656804304], "\u978d\u5c71": [123.00137251399407, 41.11505359694933], "\u5b89\u987a": [105.95441712388904, 26.25925237871499], "\u5b89\u5eb7": [109.03560108265746, 32.69051277057377], "\u963f\u514b\u82cf": [80.26694348473501, 41.17502986007749], "\u963f\u62c9\u5584\u76df": [105.73537746449358, 38.858275883056955], "\u963f\u575d\u85cf\u65cf\u7f8c\u65cf\u81ea\u6cbb\u5dde": [102.23141546175019, 31.905511577266523], "\u5317\u4eac": [116.4133836971231, 39.910924547299565], "\u4fdd\u5b9a": [115.47146383768579, 38.87998776845534], "\u868c\u57e0": [117.39551332813694, 32.921523704350825], "\u5305\u5934": [109.84654350721243, 40.66292878826139], "\u6ee8\u5dde": [117.9774040171467, 37.3881961960769], "\u5b9d\u9e21": [107.2445753670404, 34.36891564286998], "\u5317\u6d77": [109.126533212566, 21.48683649576942], "\u4eb3\u5dde": [115.7844632112745, 33.850642695788835], "\u6bd5\u8282": [105.2985887950112, 27.29021508342595], "\u767e\u8272": [106.62458932565383, 23.908185934295958], "\u5df4\u4e2d": [106.7515853031645, 31.872888585956545], "\u5df4\u97f3\u90ed\u695e": [83.65426213395769, 42.60861297230021], "\u672c\u6eaa": [123.69250712420832, 41.49291646055291], "\u5df4\u5f66\u6dd6\u5c14": [107.39439808372491, 40.7493594895728], "\u767d\u94f6": [104.1444508283435, 36.55082533041454], "\u4fdd\u5c71": [99.17727328581788, 25.139038793265964], "\u767d\u57ce": [122.8455906084976, 45.62550435999602], "\u767d\u5c71": [126.42963008937573, 41.93962720532889], "\u6210\u90fd": [104.08153351042463, 30.655821878416408], "\u957f\u6c99": [112.94547319535287, 28.23488939994364], "\u91cd\u5e86": [106.55843415537664, 29.568996245338923], "\u957f\u6625": [125.3306020759069, 43.82195350104314], "\u5e38\u5dde": [119.98148471327892, 31.815795653327836], "\u6ca7\u5dde": [116.84558075595014, 38.310215141107044], "\u90f4\u5dde": [113.02146049909462, 25.776683273601865], "\u5e38\u5fb7": [111.70545217995837, 29.037749999406877], "\u6ec1\u5dde": [118.33940613596579, 32.26127087204081], "\u8d64\u5cf0": [118.8955203975195, 42.2616861034116], "\u627f\u5fb7": [117.96939750996681, 40.95785601233803], "\u6f6e\u5dde": [116.62947017362819, 23.662623192615886], "\u671d\u9633": [120.45749949793277, 41.57982086475567], "\u695a\u96c4": [101.53441248050268, 25.051773565340376], "\u6c60\u5dde": [117.49842096159624, 30.670883790764535], "\u5d07\u5de6": [107.3715202061015, 22.383117234663302], "\u660c\u5409": [87.3150016244744, 44.01685415991987], "\u660c\u90fd": [97.17958359408598, 31.14734654932703], "\u4e1c\u839e": [113.75842045787648, 23.02730841164339], "\u5927\u8fde": [121.62163148459285, 38.9189536667856], "\u5fb7\u5dde": [116.36555674397471, 37.441308454576266], "\u5fb7\u9633": [104.40441936496448, 31.133115003656755], "\u5927\u5e86": [125.10865763402039, 46.59363317672175], "\u4e1c\u8425": [118.68138493513693, 37.43964182632334], "\u5927\u540c": [113.30643625858623, 40.0824687161612], "\u8fbe\u5dde": [107.47459385897544, 31.214307723927455], "\u5927\u7406": [100.27458284048366, 25.6121284181925], "\u4e39\u4e1c": [124.36154728159079, 40.00640870559368], "\u5fb7\u5b8f": [98.59135935611411, 24.438010702758117], "\u5b9a\u897f": [104.63242008306302, 35.586832926561875], "\u8fea\u5e86": [99.70952999013957, 27.82518468364326], "\u6069\u65bd": [109.49459261857503, 30.277939575301094], "\u9102\u5dde": [114.90160738827099, 30.39657217331699], "\u9102\u5c14\u591a\u65af": [109.78744317923602, 39.61448231394889], "\u4f5b\u5c71": [113.12851219549718, 23.02775875078891], "\u798f\u5dde": [119.30346983854001, 26.080429420698078], "\u961c\u9633": [115.82043612491321, 32.89606099485221], "\u629a\u5dde": [116.36453876864373, 27.954892253419565], "\u9632\u57ce\u6e2f": [108.360418838298, 21.6930052899694], "\u629a\u987a": [123.9643746156145, 41.88596959305694], "\u961c\u65b0": [121.67640799865809, 42.02802190131842], "\u5e7f\u5dde": [113.27143134445974, 23.135336306695006], "\u8d35\u9633": [106.63657676352776, 26.653324822309752], "\u6842\u6797": [110.20354537457943, 25.242885724872647], "\u8d63\u5dde": [114.9405033729825, 25.835176103497655], "\u5e7f\u5143": [105.85042318166482, 32.44161630531542], "\u8d35\u6e2f": [109.60552031033306, 23.117448382037534], "\u5e7f\u5b89": [106.63955268233484, 30.461746110678995], "\u7518\u5b5c\u85cf\u65cf\u81ea\u6cbb\u5dde": [101.96854674579022, 30.05527884351838], "\u676d\u5dde": [120.21551180372168, 30.25308298169347], "\u5408\u80a5": [117.23344266497664, 31.826577833686887], "\u60e0\u5dde": [114.4235580165817, 23.116358854725593], "\u54c8\u5c14\u6ee8": [126.54161509031663, 45.808825827952184], "\u6d77\u53e3": [110.32552547126409, 20.04404943925674], "\u547c\u548c\u6d69\u7279": [111.75550856170946, 40.84842299711348], "\u90af\u90f8": [114.5456282282352, 36.631262731204046], "\u6e56\u5dde": [120.09451660915789, 30.898963937294184], "\u83cf\u6cfd": [115.48754503343376, 35.23940742476551], "\u6dee\u5b89": [119.02148367070623, 33.61629530103313], "\u8861\u9633": [112.57844721325992, 26.899576139189122], "\u6cb3\u6e90": [114.70744627290641, 23.749684370959752], "\u8861\u6c34": [115.6754061376161, 37.745191408077424], "\u9ec4\u77f3": [115.04553290894361, 30.205207848941598], "\u9ec4\u5188": [114.87849048410779, 30.4593588576181], "\u6000\u5316": [110.00851426537254, 27.575160902978517], "\u6c49\u4e2d": [107.02943020926463, 33.073799907833795], "\u6dee\u5357": [117.00638885071616, 32.63184739905333], "\u846b\u82a6\u5c9b": [120.8433983399283, 40.71736443636189], "\u9e64\u58c1": [114.30359364247649, 35.7523574114], "\u6dee\u5317": [116.8045372670298, 33.96165630027632], "\u7ea2\u6cb3": [103.38154905257933, 23.36999624760546], "\u9ec4\u5c71": [118.34543725314781, 29.721889786591692], "\u6d77\u4e1c": [102.1104440722824, 36.508511080941304], "\u547c\u4f26\u8d1d\u5c14": [119.77237049946636, 49.21844647556481], "\u9e64\u5c97": [130.3044328986694, 47.35605615768509], "\u548c\u7530": [79.9285070635119, 37.12044646304192], "\u6cb3\u6c60": [108.09149994498661, 24.698911731272894], "\u54c8\u5bc6": [93.52121554028504, 42.82582436811265], "\u6d4e\u5357": [117.12639941261048, 36.65655420178723], "\u91d1\u534e": [119.65343619052916, 29.084639385513697], "\u5609\u5174": [120.76355182586005, 30.750974830920143], "\u6c5f\u95e8": [113.08855619524043, 22.584603880965], "\u6d4e\u5b81": [116.59361234853988, 35.420177394529645], "\u63ed\u9633": [116.37851218033846, 23.555740488275585], "\u664b\u4e2d": [112.75959475565928, 37.69283940975972], "\u4e5d\u6c5f": [116.00753491163063, 29.711340559079343], "\u8346\u5dde": [112.24552262926137, 30.340842107742912], "\u7126\u4f5c": [113.24854783457334, 35.22096325403899], "\u9526\u5dde": [121.13259630055518, 41.10093149946208], "\u5409\u6797": [126.55563450495482, 43.84356783457924], "\u664b\u57ce": [112.85857823132879, 35.49628458647257], "\u5409\u5b89": [115.00051072001253, 27.119726826070448], "\u666f\u5fb7\u9547": [117.18457644638579, 29.274247711040953], "\u8346\u95e8": [112.20639298023002, 31.041732575569622], "\u4f73\u6728\u65af": [130.327359092573, 46.80568999085779], "\u9152\u6cc9": [98.50068521606795, 39.73846908071564], "\u91d1\u660c": [102.19460568669837, 38.52582009209263], "\u9e21\u897f": [130.97561865876668, 45.300872317823895], "\u6d4e\u6e90": [112.60858070620743, 35.072907226846525], "\u6606\u660e": [102.85244836500482, 24.873998150044006], "\u5f00\u5c01": [114.31459258497121, 34.80288581121172], "\u5580\u4ec0": [75.99639055639747, 39.47609674864479], "\u514b\u62c9\u739b\u4f9d": [84.89590053887504, 45.58567523781376], "\u5eca\u574a": [116.69058173342549, 39.54336666275853], "\u5170\u5dde": [103.84052119633628, 36.067234693545565], "\u4e34\u6c82": [118.36353300501388, 35.11067124236514], "\u6d1b\u9633": [112.4594212983115, 34.62426277921943], "\u804a\u57ce": [115.99158784830443, 36.46275818769411], "\u516d\u5b89": [116.52640966418569, 31.741450815322555], "\u8fde\u4e91\u6e2f": [119.22862133316607, 34.60224952526725],