RDC,Trans_cost,Rdc_cus_cost,Reverse_shipping_cost,Storage_cost,Handling_cost,Total_Cost,Total_Area,RDC_Shipping_Distance,RDC_Reverse_Distance
7,11316356.982458705,104235293.915937,0.0,21829971.946537364,26939445.98642147,164321068.83135456,82377.01228342578,229728.72,88955.40500000001
