,RDC,Trans_cost,Dist_cost,Reverse_shipping_cost,Storage_cost,Handling_cost,Total_Cost
7,7,12490715.486840378,98548853.33149964,0,28185034.059312135,31315136.790405672,170539739.66805783
